scenario,mode,N,b,c,w,mu,k,runs,birth_baseline,rescue_probability,rescue_se,censored_fraction,allc_at_rescue,allc_at_rescue_se,allc_g10,allc_g10_se,allc_g20,allc_g20_se,allc_g30,allc_g30_se,allc_g40,allc_g40_se,allc_g50,allc_g50_se,allc_g60,allc_g60_se,allc_g70,allc_g70_se,allc_g80,allc_g80_se,allc_g90,allc_g90_se,allc_g100,allc_g100_se
core,constant,100,5,1,1,0,0,500,3,0.876,0.01473933513,0,1,0,1,0,1,0,1,0,1,0,1,0,1,0,1,0,1,0,1,0,1,0
core,constant,100,5,1,1,0.2,0,500,3,0.996,0.002822764602,0,0.9233333333,0.006450751109,0.7594176707,0.005867604798,0.7214056225,0.00608359078,0.6897389558,0.006482802083,0.6756425703,0.006521507292,0.6753815261,0.006368018007,0.6736746988,0.006143716123,0.6658232932,0.006376366877,0.6714859438,0.006433012113,0.6704417671,0.006208977372,0.6848995984,0.006429727968
core,constant,100,5,1,1,0.4,0,500,3,0.998,0.001997998999,0,0.8680561122,0.007483396088,0.6180961924,0.00586563932,0.5561122244,0.005974454784,0.5452905812,0.006090120867,0.5384168337,0.006296615297,0.5421242485,0.006219612948,0.5389378758,0.006351113719,0.5433266533,0.006307351972,0.5331663327,0.006397470369,0.5290981964,0.006852924668,0.5220240481,0.007019878975
core,constant,100,5,1,1,0.6,0,500,3,1,0,0,0.83534,0.008585498843,0.52064,0.005897587972,0.44812,0.005778417727,0.43546,0.006344800216,0.4238,0.006695908481,0.43072,0.006811266395,0.42256,0.007044924039,0.423,0.006874278975,0.41822,0.006932227257,0.40362,0.007096457611,0.39968,0.007328301523
core,constant,100,5,1,1,0.8,0,500,3,1,0,0,0.81692,0.008879838414,0.43592,0.006079129776,0.34966,0.006499342405,0.3309,0.006489237274,0.31246,0.00694994246,0.304,0.007165828507,0.29464,0.007923136562,0.28282,0.008031482093,0.2643,0.00803475791,0.25976,0.008501272143,0.25516,0.008436272292
core,constant,100,5,1,1,1,0,500,3,1,0,0,0.78676,0.01031584403,0.35538,0.005785763677,0.27424,0.006285081487,0.23276,0.006654542108,0.208,0.006970593831,0.18714,0.007212828196,0.17694,0.007411256726,0.16462,0.007651012167,0.15042,0.007627660822,0.12616,0.007041994616,0.12068,0.007324696414
core,constant,100,5,1,1,1.2,0,500,3,1,0,0,0.75932,0.01029733682,0.2977,0.005413800742,0.20262,0.005739316222,0.1689,0.006290207741,0.1321,0.006018573457,0.11436,0.00616405483,0.09902,0.006197685197,0.07832,0.005685684587,0.068,0.00533450221,0.05482,0.004791058723,0.04514,0.004390959103
core,constant,100,5,1,1,1.4,0,500,3,1,0,0,0.72024,0.01178177853,0.23382,0.005313575384,0.14116,0.005164673902,0.095,0.005153398396,0.06114,0.004401789671,0.04878,0.004436754758,0.03772,0.003854883065,0.02798,0.003500506577,0.01838,0.002826008466,0.01618,0.002744134791,0.01056,0.001972601103
core,constant,100,5,1,1,1.6,0,500,3,1,0,0,0.69226,0.01238189029,0.18094,0.005103756407,0.08902,0.004540540962,0.0541,0.003918352584,0.03356,0.003480759137,0.0231,0.00289072527,0.0103,0.001841467351,0.00378,0.0009806868478,0.00248,0.0009699385349,0.00184,0.0008343987311,0.00118,0.0008023107909
core,constant,100,5,1,1,1.8,0,500,3,1,0,0,0.67596,0.01226906748,0.15054,0.004639273922,0.06296,0.00373577151,0.02572,0.002692854644,0.01304,0.001953137551,0.00694,0.001462446683,0.00328,0.001124371657,0.00142,0.0007385513633,0.00068,0.0005196298976,0,0,0,0
core,constant,100,5,1,1,2,0,500,3,1,0,0,0.66286,0.01242984485,0.11818,0.004235286354,0.04104,0.003452894693,0.01464,0.002050499915,0.00488,0.001048508436,0.00118,0.0006917892343,0.00114,0.0006790604142,0.00024,0.00024,0,0,0,0,0,0
core,responsive,100,5,1,1,0,0,500,3,0.876,0.01473933513,0,1,0,1,0,1,0,1,0,1,0,1,0,1,0,1,0,1,0,1,0,1,0
core,responsive,100,5,1,1,0.2,0,500,3,0.93,0.01141052146,0,0.9341935484,0.01044959887,0.943655914,0.009990722649,0.9454193548,0.01001240036,0.9483010753,0.009894877068,0.9502795699,0.009878634971,0.9510322581,0.009880380338,0.9512043011,0.009881511031,0.9520215054,0.009860375779,0.9522150538,0.009857206891,0.9519354839,0.009864548454,0.9522365591,0.009861685741
core,responsive,100,5,1,1,0.4,0,500,3,0.98,0.006260990337,0,0.9360612245,0.009855323826,0.9446938776,0.009376453678,0.9510408163,0.009127856428,0.9547755102,0.009017237296,0.9558979592,0.009026172337,0.9566938776,0.009014556828,0.9577755102,0.00897452104,0.9580612245,0.008960927796,0.9581428571,0.008965991698,0.9585714286,0.00896296327,0.9589591837,0.00894846319
core,responsive,100,5,1,1,0.6,0,500,3,0.986,0.005254331546,0,0.9220689655,0.01001616663,0.9380730223,0.009193439231,0.9471196755,0.0089970389,0.9549290061,0.008783161598,0.9567342799,0.008740040446,0.9568154158,0.00880120947,0.9573225152,0.008793656413,0.9597565923,0.008694905989,0.9608924949,0.008679015832,0.9611967546,0.008679962653,0.9614604462,0.008678336798
core,responsive,100,5,1,1,0.8,0,500,3,0.994,0.003453693675,0,0.9294768612,0.008660362706,0.9462977867,0.007616276964,0.9578470825,0.007106089843,0.9662374245,0.006899420195,0.9710462777,0.006767032128,0.9738832998,0.006706197538,0.9752515091,0.006693115347,0.9759557344,0.006668516869,0.9764587525,0.006647617614,0.9772434608,0.006611379647,0.9777867203,0.00660543811
core,responsive,100,5,1,1,1,0,500,3,0.996,0.002822764602,0,0.9353815261,0.007693319255,0.96,0.006137407735,0.9729919679,0.005604058246,0.9804417671,0.005108498062,0.9836546185,0.005038115849,0.9848393574,0.004999429132,0.9868072289,0.004933119357,0.9872088353,0.004946286634,0.9875100402,0.004911568578,0.9876706827,0.004900527245,0.9877309237,0.00489773892
core,responsive,100,5,1,1,1.2,0,500,3,0.996,0.002822764602,0,0.9355421687,0.007950738312,0.9587550201,0.006369049125,0.9702811245,0.005904133628,0.9757028112,0.005676821795,0.9782730924,0.005614672593,0.9788554217,0.005676481431,0.9813453815,0.005513845266,0.9829718876,0.005390686787,0.9834337349,0.005389947247,0.9843975904,0.005337308502,0.9855823293,0.00528673332
core,responsive,100,5,1,1,1.4,0,500,3,1,0,0,0.93456,0.007424868358,0.96072,0.005638736907,0.9735,0.004803378487,0.98174,0.004404764318,0.98536,0.004307348058,0.98776,0.004250328857,0.98892,0.00413713657,0.99034,0.004054954267,0.99148,0.004006360074,0.99158,0.003999324492,0.9917,0.003998023059
core,responsive,100,5,1,1,1.6,0,500,3,1,0,0,0.94354,0.006737456749,0.96944,0.004625122302,0.9794,0.003852292865,0.9859,0.003537882591,0.99072,0.003105196885,0.9924,0.003091600879,0.99288,0.003094926225,0.99356,0.00310734033,0.99472,0.002952571516,0.99522,0.00288279799,0.99558,0.00283997502
core,responsive,100,5,1,1,1.8,0,500,3,1,0,0,0.92926,0.008284090603,0.9551,0.006540423096,0.96846,0.00582631519,0.97374,0.005638298113,0.97888,0.00548255488,0.98024,0.005472676235,0.98326,0.005317188146,0.9844,0.005330638932,0.98538,0.005286208395,0.98534,0.005297347693,0.98564,0.005269983515
core,responsive,100,5,1,1,2,0,500,3,1,0,0,0.94422,0.006500561345,0.96758,0.004641786247,0.97874,0.003906372267,0.98302,0.00379015696,0.98708,0.003534619395,0.98906,0.003499704081,0.99168,0.003206449413,0.9927,0.003093632351,0.99506,0.002878778827,0.99586,0.002827243784,0.996,0.002825591608
robustness,constant,50,3,1,0.25,1,0,300,3,0.9866666667,0.006622073078,0,0.629527027,0.01854064563,0.04952702703,0.004727011522,0.006418918919,0.001788790535,0,0,0,0,0,0,0,0,0,0,0,0,0,0,0,0
robustness,constant,50,5,1,0.25,1,0,300,3,1,0,0,0.6392,0.01852769418,0.0734,0.00584387358,0.01293333333,0.002463147932,0.003266666667,0.001386343115,0.0006666666667,0.0006666666667,0,0,0,0,0,0,0,0,0,0,0,0
robustness,constant,50,7,1,0.25,1,0,300,3,1,0,0,0.6845333333,0.01762062573,0.1147333333,0.007502417794,0.0294,0.004452013436,0.009,0.002437399056,0.002466666667,0.001493854623,6.666666667e-05,6.666666667e-05,0,0,0,0,0,0,0,0,0,0
robustness,constant,50,3,1,0.5,1,0,300,3,1,0,0,0.6796,0.01707454702,0.088,0.006384205706,0.01433333333,0.003114261557,0.0022,0.001241012281,6.666666667e-05,6.666666667e-05,0,0,0,0,0,0,0,0,0,0,0,0
robustness,constant,50,5,1,0.5,1,0,300,3,1,0,0,0.7067333333,0.01689643141,0.1619333333,0.008666803018,0.05986666667,0.006696472945,0.02193333333,0.004052166337,0.009133333333,0.002579774403,0.002866666667,0.001247225088,0.004533333333,0.002319599653,0.0005333333333,0.0003391028012,0.0007333333333,0.0007333333333,0,0,0,0
robustness,constant,50,7,1,0.5,1,0,300,3,1,0,0,0.7406,0.0151208775,0.2516666667,0.009997305471,0.1369333333,0.009330055166,0.06993333333,0.007488972693,0.0446,0.006623874928,0.0228,0.004317458272,0.01626666667,0.003985227273,0.009933333333,0.003263935336,0.0036,0.001611386463,0.0003333333333,0.0003333333333,0,0
robustness,constant,50,3,1,1,1,0,300,3,0.9966666667,0.00332777314,0,0.6726421405,0.01807577244,0.1673578595,0.008813096932,0.0620735786,0.006450216129,0.02133779264,0.003782285296,0.004347826087,0.001664113491,0.001538461538,0.0009069544414,0,0,0,0,0,0,0,0,0,0
robustness,constant,50,5,1,1,1,0,300,3,1,0,0,0.7542666667,0.01425196838,0.3508,0.01007497424,0.2497333333,0.01124312185,0.1688666667,0.01073072391,0.1388666667,0.01078543894,0.1038666667,0.009954363349,0.08393333333,0.009467752383,0.0636,0.008247638762,0.04886666667,0.007553904885,0.03833333333,0.006621109671,0.03173333333,0.006231057061
robustness,constant,50,7,1,1,1,0,300,3,0.9966666667,0.00332777314,0,0.8073578595,0.01189418827,0.4618060201,0.01016365421,0.392909699,0.01058976078,0.3617391304,0.01220237041,0.3128428094,0.01246605843,0.3002006689,0.01324517873,0.2944481605,0.01432208223,0.26,0.01396114947,0.2432107023,0.01335879757,0.2202006689,0.01356963158,0.210367893,0.01416681843
robustness,constant,100,3,1,0.25,1,0,300,3,1,0,0,0.6462666667,0.01845601559,0.05013333333,0.003727918513,0.003866666667,0.001042650483,0.0002666666667,0.0001882462235,0,0,0,0,0,0,0,0,0,0,0,0,0,0
robustness,constant,100,5,1,0.25,1,0,300,3,1,0,0,0.6655333333,0.01727139736,0.09236666667,0.005006817723,0.01806666667,0.00259249983,0.001833333333,0.0006584640303,0.0001666666667,0.0001666666667,0,0,0,0,0,0,0,0,0,0,0,0
robustness,constant,100,7,1,0.25,1,0,300,3,1,0,0,0.6909333333,0.01557280119,0.1408333333,0.006491304248,0.0417,0.003971516479,0.01636666667,0.00280932447,0.005166666667,0.001722989244,0.0008333333333,0.000565563882,0.0007333333333,0.0007333333333,0,0,0,0,0,0,0,0
robustness,constant,100,3,1,0.5,1,0,300,3,1,0,0,0.6582666667,0.0176085576,0.09383333333,0.005347971481,0.01666666667,0.002424021982,0.003433333333,0.001158381154,0.0004,0.0002823693352,3.333333333e-05,3.333333333e-05,0,0,0,0,0,0,0,0,0,0
robustness,constant,100,5,1,0.5,1,0,300,3,1,0,0,0.7079333333,0.01540299189,0.1867,0.006943660037,0.0872,0.005855038136,0.03553333333,0.004001413723,0.016,0.002943920289,0.0073,0.002003099605,0.002533333333,0.001060461326,0.001233333333,0.0008735150908,0.0006666666667,0.0004914731872,0.0007,0.0005080511215,0.0004,0.0004
robustness,constant,100,7,1,0.5,1,0,300,3,1,0,0,0.7611,0.01297228716,0.289,0.007162471874,0.1934,0.007353119148,0.139,0.007539490977,0.09833333333,0.007391705456,0.07776666667,0.007019167631,0.05723333333,0.006306906963,0.042,0.005388993283,0.03586666667,0.005039724766,0.0309,0.004970208908,0.02436666667,0.004572687647
robustness,constant,100,3,1,1,1,0,300,3,1,0,0,0.6949666667,0.01693172718,0.1834666667,0.006783311763,0.08096666667,0.005663176511,0.0416,0.00445844432,0.02053333333,0.003237728167,0.01133333333,0.0025621955,0.0031,0.001191838653,0.0015,0.0008342247184,0.0007666666667,0.0006221807466,0,0,0,0
robustness,constant,100,5,1,1,1,0,300,3,1,0,0,0.7765666667,0.01288416953,0.3533,0.008183536372,0.2712666667,0.008346267777,0.239,0.0088268997,0.2116333333,0.008776361574,0.1880666667,0.009380759423,0.1793666667,0.009529616843,0.1764333333,0.009874058479,0.1587333333,0.009553883255,0.1433333333,0.009298149962,0.1262,0.00917807722
robustness,constant,100,7,1,1,1,0,300,3,1,0,0,0.8227,0.0105064152,0.4626,0.006571934517,0.4158333333,0.00758650717,0.3954,0.007616982142,0.386,0.00821397238,0.3768666667,0.008187636945,0.3772666667,0.008434519682,0.3662666667,0.008650670428,0.3780666667,0.009170792828,0.3691333333,0.009306004742,0.3686666667,0.01017213425
robustness,constant,200,3,1,0.25,1,0,300,3,1,0,0,0.6225166667,0.01922368039,0.04391666667,0.002489381948,0.0033,0.0006271718119,8.333333333e-05,5.515930781e-05,1.666666667e-05,1.666666667e-05,0,0,0,0,0,0,0,0,0,0,0,0
robustness,constant,200,5,1,0.25,1,0,300,3,1,0,0,0.7043333333,0.01532142308,0.09423333333,0.003792078916,0.01808333333,0.001797350077,0.002066666667,0.0005206833117,0.0005166666667,0.0003201678188,0,0,0,0,0,0,0,0,0,0,0,0
robustness,constant,200,7,1,0.25,1,0,300,3,1,0,0,0.6932833333,0.01664994398,0.1310833333,0.00472011861,0.04916666667,0.003263581803,0.02108333333,0.002368793108,0.00725,0.001557540904,0.0019,0.0006089906118,0.00065,0.0004183400067,0.0001666666667,0.0001666666667,0,0,0,0,0,0
robustness,constant,200,3,1,0.5,1,0,300,3,1,0,0,0.6353166667,0.0182661315,0.09075,0.004206098256,0.0161,0.00188887785,0.003083333333,0.0008378777982,0.0009333333333,0.0005299151892,0,0,0,0,0,0,0,0,0,0,0,0
robustness,constant,200,5,1,0.5,1,0,300,3,1,0,0,0.72015,0.01533940367,0.1835666667,0.005117170765,0.08565,0.004336781387,0.04556666667,0.003724341676,0.02971666667,0.003168970441,0.01758333333,0.002674819442,0.0091,0.001995555262,0.006783333333,0.001844788123,0.0045,0.001452614603,0.003466666667,0.001302149268,0.001716666667,0.000879222043
robustness,constant,200,7,1,0.5,1,0,300,3,1,0,0,0.7628,0.01337077296,0.29565,0.005454124323,0.21095,0.005490443964,0.17195,0.005747603107,0.1445666667,0.006413208974,0.1241333333,0.006186325289,0.1122166667,0.006459461889,0.1009166667,0.006392296887,0.09201666667,0.006344315055,0.08291666667,0.006229155132,0.07136666667,0.005958832821
robustness,constant,200,3,1,1,1,0,300,3,1,0,0,0.6773,0.01686939568,0.18085,0.005470564029,0.09005,0.00450272338,0.04711666667,0.003584901008,0.02931666667,0.003083264635,0.0155,0.002459652113,0.008183333333,0.00175216037,0.003933333333,0.001174367007,0.004283333333,0.001471281821,0.001466666667,0.00065390233,0.0006833333333,0.0004916801294
robustness,constant,200,5,1,1,1,0,300,3,1,0,0,0.7973,0.01202466946,0.3661,0.005428553889,0.2953666667,0.005341211086,0.2748666667,0.005413240577,0.2594166667,0.005843197187,0.2556166667,0.005992201283,0.26945,0.006368719063,0.2558333333,0.006314007067,0.2455833333,0.006536769269,0.2523166667,0.006507148043,0.2515,0.006722377313
robustness,constant,200,7,1,1,1,0,300,3,1,0,0,0.8141833333,0.01042904834,0.4785333333,0.004881373907,0.4248333333,0.004703578735,0.4190666667,0.005246210786,0.4163166667,0.005119480922,0.41275,0.005148146672,0.4131166667,0.005038382131,0.4104,0.005162846432,0.4085833333,0.004765893924,0.4126,0.005067297385,0.4059166667,0.004863204412
robustness,responsive,50,3,1,0.25,1,0,300,3,0.9833333333,0.007391185942,0,0.9155932203,0.01327440187,0.9206779661,0.01381161004,0.9231864407,0.01415395442,0.9279322034,0.01425575496,0.9273898305,0.01456684247,0.9246779661,0.01491818048,0.9252881356,0.01503803951,0.9265762712,0.01502326956,0.9268474576,0.01509330225,0.9258305085,0.01524297674,0.9256271186,0.0152808592
robustness,responsive,50,5,1,0.25,1,0,300,3,0.96,0.0113137085,0,0.9184722222,0.01293359844,0.92625,0.01331769463,0.9424305556,0.01218619789,0.9520138889,0.01164654808,0.9579166667,0.01145884145,0.9586805556,0.01150202109,0.9584027778,0.01166939639,0.9581944444,0.0117751824,0.9590277778,0.01161789196,0.9583333333,0.01179537433,0.9583333333,0.01179537433
robustness,responsive,50,7,1,0.25,1,0,300,3,0.9866666667,0.006622073078,0,0.9305405405,0.01047252448,0.9380405405,0.01113325747,0.9472972973,0.01096126412,0.9546621622,0.01048042381,0.9639189189,0.009865015467,0.9697972973,0.009474504592,0.9688513514,0.009796608566,0.9710135135,0.009529287945,0.9714864865,0.009485230911,0.9719594595,0.009485905542,0.9722297297,0.009463462768
robustness,responsive,50,3,1,0.5,1,0,300,3,0.96,0.0113137085,0,0.8975,0.01501539731,0.9059027778,0.01498642972,0.9097222222,0.01530847232,0.9158333333,0.01542366903,0.9213194444,0.01509355047,0.9233333333,0.01510160452,0.9295138889,0.01476487384,0.9290972222,0.01476578881,0.9336805556,0.01465010787,0.9340277778,0.0146527623,0.9340277778,0.0146527623
robustness,responsive,50,5,1,0.5,1,0,300,3,0.9866666667,0.006622073078,0,0.9081756757,0.01341598741,0.9283108108,0.01296669127,0.9408783784,0.01251044988,0.9450675676,0.01216205973,0.9483108108,0.01204014671,0.9516891892,0.01186538646,0.9523648649,0.01190161637,0.9543243243,0.01175372616,0.955472973,0.01165817832,0.9573648649,0.01153930555,0.9567567568,0.0117650336
robustness,responsive,50,7,1,0.5,1,0,300,3,0.99,0.005744562647,0,0.9365656566,0.01149096319,0.9475420875,0.0111561531,0.9552188552,0.01089205863,0.955959596,0.01093996198,0.9626262626,0.01032237642,0.9672053872,0.01004595211,0.9672053872,0.01004187501,0.9674074074,0.0101250843,0.9683501684,0.01004046526,0.9696969697,0.009963574988,0.9696969697,0.009963574988
robustness,responsive,50,3,1,1,1,0,300,3,0.9633333333,0.01085084055,0,0.8822145329,0.01656550277,0.9079584775,0.01545466867,0.914532872,0.01532666924,0.9170242215,0.01547042081,0.9228373702,0.01521586053,0.9271280277,0.01502117733,0.9296193772,0.01495863599,0.9303806228,0.01495285191,0.9307958478,0.01495536618,0.9307958478,0.01495536618,0.9307958478,0.01495536618
robustness,responsive,50,5,1,1,1,0,300,3,0.9866666667,0.006622073078,0,0.9208783784,0.01282219736,0.9375675676,0.01229273825,0.9479054054,0.01190332746,0.9522297297,0.011691625,0.9562162162,0.01155389399,0.9576351351,0.01159494683,0.9582432432,0.01153252609,0.9594594595,0.01148278079,0.9594594595,0.01148278079,0.9594594595,0.01148278079,0.9594594595,0.01148278079
robustness,responsive,50,7,1,1,1,0,300,3,0.9933333333,0.004698305447,0,0.9281208054,0.01126084502,0.9497986577,0.009677527111,0.959261745,0.00945838391,0.9729530201,0.008447627399,0.9761744966,0.008298135228,0.9773825503,0.008428316659,0.9789261745,0.008196494552,0.9798657718,0.008150280622,0.9798657718,0.008150280622,0.9798657718,0.008150280622,0.9798657718,0.008150280622
robustness,responsive,100,3,1,0.25,1,0,300,3,0.9966666667,0.00332777314,0,0.917993311,0.01279830078,0.9216053512,0.01280296227,0.9298327759,0.01293138119,0.935819398,0.01274693215,0.9385953177,0.0129091954,0.9394983278,0.01303336176,0.9445819398,0.01263752777,0.9452508361,0.01258200467,0.9465217391,0.01251462416,0.9467558528,0.01251801834,0.9493311037,0.01231369032
robustness,responsive,100,5,1,0.25,1,0,300,3,1,0,0,0.9502333333,0.008778256599,0.9580666667,0.007563981028,0.9662666667,0.007121511579,0.9710333333,0.006811181432,0.9743666667,0.006613707992,0.9773,0.00654264205,0.9795333333,0.006353515926,0.9834666667,0.005829225819,0.9857,0.005473920127,0.9860666667,0.005483489627,0.9896,0.005034498599
robustness,responsive,100,7,1,0.25,1,0,300,3,1,0,0,0.9547333333,0.007879300363,0.9637333333,0.007803337098,0.9686,0.007389326117,0.9771666667,0.006367149935,0.9831,0.005528699824,0.9856666667,0.005630153199,0.9874333333,0.005266079233,0.9876333333,0.005290469826,0.99,0.004998996555,0.9908,0.005034117712,0.9912666667,0.004917965458
robustness,responsive,100,3,1,0.5,1,0,300,3,0.9933333333,0.004698305447,0,0.9241275168,0.01223532209,0.9348993289,0.01183092145,0.9413087248,0.0115802213,0.9452684564,0.01121604668,0.9503355705,0.0109710684,0.9512416107,0.01119861177,0.9519463087,0.01125076854,0.9545637584,0.01111310738,0.9620469799,0.01054459682,0.9631208054,0.01056094952,0.9634899329,0.01055365746
robustness,responsive,100,5,1,0.5,1,0,300,3,0.9966666667,0.00332777314,0,0.9515050167,0.00899036839,0.9632441472,0.008051757039,0.9680936455,0.007888738733,0.9746822742,0.007487162752,0.9780936455,0.007169199758,0.9797324415,0.00713323329,0.9815050167,0.007009312774,0.9820735786,0.006963442621,0.984180602,0.006772710896,0.9853511706,0.00668713079,0.9853177258,0.006773183626
robustness,responsive,100,7,1,0.5,1,0,300,3,0.9966666667,0.00332777314,0,0.9735117057,0.004844571597,0.985819398,0.003228752348,0.9895317726,0.002840540074,0.9942809365,0.001851724538,0.9964214047,0.001474308816,0.9975919732,0.001518540888,0.9985618729,0.001110500534,0.9982608696,0.001231337086,0.9991638796,0.0007719098868,0.9995317726,0.0004682274247,0.9997658863,0.0002341137124
robustness,responsive,100,3,1,1,1,0,300,3,0.9933333333,0.004698305447,0,0.874966443,0.01641861705,0.8960067114,0.01529910585,0.9093624161,0.01503533409,0.9197651007,0.01479920957,0.9243959732,0.01466470876,0.9280201342,0.0145504622,0.9303020134,0.01452696951,0.931409396,0.01453860624,0.9323154362,0.01451593244,0.9325503356,0.01451786242,0.932885906,0.01451920734
robustness,responsive,100,5,1,1,1,0,300,3,1,0,0,0.9208333333,0.01141967813,0.9431333333,0.01009114244,0.9525333333,0.009563537841,0.9668,0.008687391394,0.9704333333,0.0084796587,0.9735333333,0.008296252842,0.9751333333,0.008309572368,0.9755666667,0.008372197224,0.9791333333,0.008111523841,0.9797,0.008099487989,0.98,0.008096409048
robustness,responsive,100,7,1,1,1,0,300,3,0.9966666667,0.00332777314,0,0.9579264214,0.007364797743,0.9749832776,0.005845184291,0.9844481605,0.005253109555,0.9869899666,0.005112909967,0.9917725753,0.004776855559,0.9913377926,0.004900144138,0.9926086957,0.004761565013,0.9933110368,0.004721868652,0.9933110368,0.004721868652,0.9933110368,0.004721868652,0.9933110368,0.004721868652
robustness,responsive,200,3,1,0.25,1,0,300,3,1,0,0,0.9440333333,0.009774160909,0.9503666667,0.00922734634,0.9529,0.0092540491,0.9575,0.008834994901,0.9605166667,0.008599146283,0.9678,0.007958783177,0.9699333333,0.007892320659,0.9731333333,0.007671273397,0.9748333333,0.007605586507,0.97615,0.007454528264,0.9777,0.0075485888
robustness,responsive,200,5,1,0.25,1,0,300,3,1,0,0,0.95135,0.008349512666,0.9590166667,0.007325742182,0.9678,0.006390836179,0.9767166667,0.005300860153,0.9800833333,0.004946393703,0.9838,0.004613812813,0.9864,0.004204183827,0.9867166667,0.004259936141,0.9898,0.003983645496,0.9924833333,0.003712606078,0.9911,0.004001653783
robustness,responsive,200,7,1,0.25,1,0,300,3,1,0,0,0.97045,0.005065088335,0.9801666667,0.003911994058,0.9860333333,0.003060755415,0.98905,0.002770191406,0.99395,0.001829536709,0.9942333333,0.001918848789,0.9939,0.002298482365,0.99605,0.001688687028,0.9971333333,0.001284651989,0.9975333333,0.001322663551,0.9987333333,0.0007308969358
robustness,responsive,200,3,1,0.5,1,0,300,3,1,0,0,0.9251833333,0.01220172097,0.93365,0.01145758416,0.9414,0.01078964882,0.9495833333,0.01016534044,0.9541333333,0.01002309188,0.9567333333,0.009871526267,0.9576166667,0.01005723361,0.9616,0.009931808746,0.9630333333,0.009757562694,0.9655666667,0.009571507366,0.9683,0.009452623756
robustness,responsive,200,5,1,0.5,1,0,300,3,1,0,0,0.9494,0.007309675023,0.9649666667,0.005578465989,0.97755,0.003868770211,0.9819833333,0.003650254518,0.9852666667,0.003250381449,0.9861833333,0.003247853106,0.99075,0.002378382412,0.9942166667,0.001759797915,0.997,0.001090395896,0.9965333333,0.001552839908,0.9975166667,0.001214575714
robustness,responsive,200,7,1,0.5,1,0,300,3,1,0,0,0.9791333333,0.003668882476,0.9835833333,0.003352186788,0.9867666667,0.002922662892,0.9886833333,0.002822617121,0.9924666667,0.002060470086,0.9949666667,0.001542954884,0.9964333333,0.00134485131,0.99765,0.001034350113,0.99855,0.0007439405911,0.9992,0.0005497338973,0.99925,0.0005807795668
robustness,responsive,200,3,1,1,1,0,300,3,1,0,0,0.9140666667,0.01254083127,0.9346,0.01074610816,0.9484,0.00939207427,0.9557833333,0.008900660051,0.9609166667,0.008748513437,0.9644333333,0.00867915895,0.9708333333,0.008326022434,0.9707833333,0.008388019617,0.97145,0.008403424907,0.9737833333,0.008260415146,0.97415,0.008240401497
robustness,responsive,200,5,1,1,1,0,300,3,1,0,0,0.9498,0.007355852219,0.9700166667,0.00516087342,0.9773166667,0.004634482405,0.9863166667,0.003980379579,0.9897166667,0.003872121028,0.9909,0.003835681507,0.9924666667,0.003673968609,0.9931833333,0.003603672283,0.9941666667,0.003486702989,0.9943666667,0.003468812581,0.9941,0.003635890399
robustness,responsive,200,7,1,1,1,0,300,3,1,0,0,0.97325,0.004408940256,0.9826166667,0.003189781128,0.9867166667,0.003096714763,0.99155,0.002099806887,0.9952166667,0.001483506184,0.9970166667,0.00114746056,0.9984666667,0.0007280390628,0.9996833333,0.0002851766389,0.9993666667,0.0006333333333,0.9996166667,0.0003833333333,0.99985,0.00015
cost,constant,100,5,1,1,1,0,500,3,1,0,0,0.78676,0.01031584403,0.35538,0.005785763677,0.27424,0.006285081487,0.23276,0.006654542108,0.208,0.006970593831,0.18714,0.007212828196,0.17694,0.007411256726,0.16462,0.007651012167,0.15042,0.007627660822,0.12616,0.007041994616,0.12068,0.007324696414
cost,responsive,100,5,1,1,1,0,500,3,0.996,0.002822764602,0,0.9353815261,0.007693319255,0.96,0.006137407735,0.9729919679,0.005604058246,0.9804417671,0.005108498062,0.9836546185,0.005038115849,0.9848393574,0.004999429132,0.9868072289,0.004933119357,0.9872088353,0.004946286634,0.9875100402,0.004911568578,0.9876706827,0.004900527245,0.9877309237,0.00489773892
cost,responsive,100,5,1,1,1,0.2,400,3,0.9975,0.002496873044,0,0.9302005013,0.008929271655,0.9521804511,0.006800462328,0.9643358396,0.006142167272,0.9718796992,0.005607674737,0.9803258145,0.004882504858,0.9819799499,0.00497264962,0.9860150376,0.004717270512,0.988245614,0.00459103947,0.9888972431,0.004584549091,0.9889223058,0.004673733414,0.9906015038,0.004435669684
cost,responsive,100,5,1,1,1,0.4,400,3,1,0,0,0.9057,0.01131282347,0.923425,0.009995051329,0.935825,0.009415275725,0.94725,0.008809873918,0.958775,0.008031774208,0.9612,0.008014251091,0.9642,0.007989711429,0.966625,0.007829457161,0.965,0.008068627944,0.96695,0.007948723121,0.969775,0.007706911811
cost,responsive,100,5,1,1,1,0.6,400,3,1,0,0,0.862425,0.01413702806,0.8805,0.0128103332,0.892875,0.01218610742,0.91055,0.01155310258,0.911,0.01165561596,0.916825,0.01155244871,0.916625,0.01152026213,0.920575,0.01146553289,0.925525,0.01133016958,0.922525,0.01178609205,0.925525,0.01164563708
cost,responsive,100,5,1,1,1,0.8,400,3,0.995,0.003526683995,0,0.8535929648,0.01519326488,0.8611557789,0.0145259267,0.867160804,0.0142510211,0.8763819095,0.01385166415,0.8850251256,0.01353940565,0.8862562814,0.01357091474,0.8888944724,0.01353135482,0.8884924623,0.01360644502,0.8870603015,0.01386898609,0.879798995,0.0142476216,0.8854271357,0.01397119691
cost,responsive,100,5,1,1,1,1,400,3,0.9925,0.004313858482,0,0.8038035264,0.0176295328,0.7968513854,0.01781373735,0.7995465995,0.01767046591,0.8031486146,0.01747409935,0.8103274559,0.01723566126,0.8074307305,0.01734157123,0.808186398,0.01736629679,0.8028211587,0.01770863943,0.7981612091,0.01791265693,0.8016624685,0.01785328209,0.8052392947,0.01767632954
cost,responsive,100,5,1,1,1,1.2,400,3,0.9875,0.005555121511,0,0.7642025316,0.01980866905,0.7621518987,0.01954018605,0.753721519,0.01985946729,0.7502531646,0.02004925098,0.7464050633,0.02021046735,0.7442025316,0.02034177925,0.7446075949,0.02039405136,0.7416962025,0.0205209045,0.7422278481,0.02053259242,0.7396708861,0.02067182015,0.7355696203,0.02092746809
cost,responsive,100,5,1,1,1,1.4,400,3,0.995,0.003526683995,0,0.7297487437,0.02058425609,0.7134924623,0.02057387211,0.6988442211,0.02099695926,0.6868844221,0.02145914188,0.6773115578,0.02192483408,0.6761306533,0.02203419784,0.6751507538,0.02219698701,0.6687688442,0.02238934662,0.6658291457,0.02256220965,0.6673366834,0.02253334103,0.6579145729,0.02292199438
cost,responsive,100,5,1,1,1,1.6,400,3,0.9925,0.004313858482,0,0.7021914358,0.02135188085,0.6851133501,0.02150861838,0.66697733,0.02216585024,0.6537279597,0.02275252279,0.6455919395,0.02313470941,0.6421662469,0.02332713574,0.6391435768,0.02351585368,0.6348110831,0.02371868632,0.6305037783,0.0239266571,0.6295717884,0.02397402779,0.6303778338,0.0239822535
cost,responsive,100,5,1,1,1,1.8,400,3,0.98,0.007,0,0.7044387755,0.02206612699,0.6777806122,0.02242270872,0.6603571429,0.02314121041,0.655994898,0.02331598,0.6526785714,0.02350080866,0.6489030612,0.0236788592,0.645255102,0.0238907543,0.6401785714,0.02415977893,0.6390561224,0.02422596709,0.6388010204,0.02424876518,0.6396173469,0.0242252523
cost,responsive,100,5,1,1,1,2,400,3,0.9875,0.005555121511,0,0.6382025316,0.02342479107,0.6041265823,0.02378875495,0.5876708861,0.02430633193,0.5814683544,0.02458600849,0.5784303797,0.02471780289,0.5780506329,0.02474689702,0.5759240506,0.02484380787,0.5751392405,0.02488253808,0.5746835443,0.02490705403,0.5746835443,0.02490705403,0.5746835443,0.02490705403
